{
  "SWARM-G744PGBF": {
    "created_at": 1783497976.6342397,
    "used": false
  },
  "SWARM-6NX2CVRH": {
    "created_at": 1783497976.6342444,
    "used": false
  },
  "SWARM-G3Z8TBRX": {
    "created_at": 1783497976.6342475,
    "used": false
  },
  "SWARM-TFS8QVMF": {
    "created_at": 1783497976.6342697,
    "used": false
  },
  "SWARM-W5M99CRD": {
    "created_at": 1783497976.6342726,
    "used": false
  },
  "SWARM-MN5W5RJK": {
    "created_at": 1783497976.6342742,
    "used": false
  },
  "SWARM-5RF5CNKQ": {
    "created_at": 1783497976.6342766,
    "used": false
  },
  "SWARM-N6NKK4GK": {
    "created_at": 1783497976.6342788,
    "used": false
  },
  "SWARM-ADLNSH3Y": {
    "created_at": 1783497976.6342807,
    "used": false
  },
  "SWARM-TSVUABQC": {
    "created_at": 1783497976.6342828,
    "used": false
  },
  "SWARM-GJTY32PX": {
    "created_at": 1783497976.6342847,
    "used": false
  },
  "SWARM-ED2XV9QE": {
    "created_at": 1783497976.6342869,
    "used": false
  },
  "SWARM-BRQMDLJY": {
    "created_at": 1783497976.6342885,
    "used": false
  },
  "SWARM-ATCS7KNP": {
    "created_at": 1783497976.6342907,
    "used": false
  },
  "SWARM-B22HKKKY": {
    "created_at": 1783497976.6342924,
    "used": false
  },
  "SWARM-YKPA7KXU": {
    "created_at": 1783497976.6342947,
    "used": false
  },
  "SWARM-P42TCHPR": {
    "created_at": 1783497976.6342962,
    "used": false
  },
  "SWARM-7M82MM7H": {
    "created_at": 1783497976.6342974,
    "used": false
  },
  "SWARM-9GQS36KQ": {
    "created_at": 1783497976.6342986,
    "used": false
  },
  "SWARM-BFSHE722": {
    "created_at": 1783497976.6343,
    "used": false
  }
}